TimeStamp,AccX,AccY,AccZ,GyroX,GyroY,GyroZ
2016-05-02 02:20:48.494,-9.400000e-01,-2.100000e-01,-2.800000e-01,2.300000e-01,-4.180000e+00,-2.950000e+00
2016-05-02 02:20:48.642,-8.500000e-01,-1.200000e-01,-3.200000e-01,-4.800000e-01,-3.620000e+00,-2.360000e+00
2016-05-02 02:20:48.738,-9.400000e-01,-1.800000e-01,-2.500000e-01,1.730000e+00,-4.360000e+00,-1.790000e+00
2016-05-02 02:20:48.884,-9.000000e-01,-1.600000e-01,-2.800000e-01,-2.290000e+00,-4.200000e+00,2.360000e+00
2016-05-02 02:20:48.980,-8.500000e-01,-2.100000e-01,-2.300000e-01,4.990000e+00,1.230000e+00,-8.530000e+00
2016-05-02 02:20:49.078,-7.900000e-01,-1.400000e-01,-3.300000e-01,4.050000e+00,1.810000e+00,-1.500000e+00
2016-05-02 02:20:49.224,-7.500000e-01,-1.300000e-01,-2.300000e-01,-1.980000e+00,1.000000e-01,-2.632000e+01
2016-05-02 02:20:49.323,-1.190000e+00,3.800000e-01,-3.200000e-01,-4.422000e+01,1.189000e+01,7.761000e+01
2016-05-02 02:20:49.468,-1.240000e+00,5.300000e-01,-3.100000e-01,-6.495000e+01,-2.839000e+01,1.930500e+02
2016-05-02 02:20:49.565,-1.390000e+00,6.300000e-01,-5.300000e-01,-6.214000e+01,3.864000e+01,2.539900e+02
2016-05-02 02:20:49.713,-6.700000e-01,1.400000e-01,-1.800000e-01,-7.355000e+01,-2.387000e+01,9.552000e+01
2016-05-02 02:20:49.809,-1.500000e-01,8.000000e-02,-2.500000e-01,-1.390000e+01,-5.160000e+00,-8.449000e+01
2016-05-02 02:20:49.957,-8.500000e-01,3.900000e-01,-2.900000e-01,3.481000e+01,2.200000e+00,-256
2016-05-02 02:20:50.054,-1.120000e+00,2.600000e-01,-2.100000e-01,7.005000e+01,4.390000e+01,-256
2016-05-02 02:20:50.200,-1.290000e+00,7.000000e-02,-3.200000e-01,8.030000e+01,4.815000e+01,-1.624700e+02
2016-05-02 02:20:50.296,-1.310000e+00,3.000000e-02,-3.100000e-01,2.789000e+01,3,-1.620000e+01
2016-05-02 02:20:50.443,-9.600000e-01,-1.700000e-01,-3.800000e-01,6.290000e+00,-1.916000e+01,-1.700000e+00
2016-05-02 02:20:50.545,-7.900000e-01,-3.400000e-01,-3.300000e-01,-1.340000e+00,-1.640000e+01,2.440000e+00
2016-05-02 02:20:50.642,-9.500000e-01,-3.000000e-01,-2.900000e-01,8.400000e-01,-8.170000e+00,1.042000e+01
2016-05-02 02:20:50.787,-8.800000e-01,-1.600000e-01,-3.400000e-01,5.400000e-01,1.720000e+00,2.519000e+01
2016-05-02 02:20:50.886,-8.900000e-01,-3.200000e-01,-3.100000e-01,-4.950000e+00,-3.730000e+00,3.330000e+00
2016-05-02 02:20:51.032,-8.900000e-01,-2.600000e-01,-2.300000e-01,-2.930000e+00,1.030000e+01,-3.590000e+00
2016-05-02 02:20:51.130,-7.900000e-01,-2.500000e-01,-3.200000e-01,2.550000e+00,-3.430000e+00,-2.690000e+00
2016-05-02 02:20:51.272,-8.300000e-01,-2.800000e-01,-3.200000e-01,2.760000e+00,-6.180000e+00,5.800000e-01
2016-05-02 02:20:51.371,-8.200000e-01,-1.700000e-01,-3.100000e-01,1,6.780000e+00,8.370000e+00
2016-05-02 02:20:51.517,-8.500000e-01,-3.100000e-01,-3.200000e-01,2.000000e-02,-2.480000e+00,7.870000e+00
2016-05-02 02:20:51.617,-9.000000e-01,-3.200000e-01,-2.400000e-01,-2.410000e+00,-3.400000e+00,5.520000e+00
2016-05-02 02:20:51.762,-7.900000e-01,-2.700000e-01,-2.300000e-01,1.430000e+00,-6.470000e+00,-1.230000e+00
2016-05-02 02:20:51.860,-9.200000e-01,-2.500000e-01,-3.200000e-01,3.720000e+00,-9.000000e-01,-8.390000e+00
2016-05-02 02:20:52.004,-9.100000e-01,-1.200000e-01,-3.300000e-01,4.800000e-01,-8.630000e+00,-4.630000e+00
2016-05-02 02:20:52.149,-8.600000e-01,-1.700000e-01,-2.500000e-01,-7.000000e-02,-4.170000e+00,-8.400000e-01
2016-05-02 02:20:52.200,-8.600000e-01,-2.000000e-01,-2.700000e-01,1.970000e+00,-1.850000e+00,1.950000e+00
2016-05-02 02:20:52.344,-9.600000e-01,-2.700000e-01,-2.300000e-01,2.990000e+00,-4.940000e+00,-7.770000e+00
2016-05-02 02:20:52.446,-8.900000e-01,-2.000000e-01,-3.000000e-01,-3.200000e-01,2.000000e-02,-6.000000e-01
2016-05-02 02:20:52.589,-8.100000e-01,-2.000000e-01,-2.300000e-01,2.110000e+00,-2.780000e+00,-6.780000e+00
2016-05-02 02:20:52.687,-8.500000e-01,-1.900000e-01,-2.700000e-01,-4.020000e+00,-1.900000e-01,1.960000e+00
2016-05-02 02:20:52.833,-8.800000e-01,-1.800000e-01,-2.400000e-01,6.200000e+00,-2.230000e+00,-5.300000e-01
2016-05-02 02:20:52.932,-9.000000e-01,-2.600000e-01,-2.200000e-01,1.020000e+00,4.300000e-01,-2.230000e+00
2016-05-02 02:20:53.076,-9.000000e-01,-1.800000e-01,-2.400000e-01,-3.800000e-01,-2.050000e+00,-3.220000e+00
2016-05-02 02:20:53.173,-9.600000e-01,-2.000000e-01,-2.800000e-01,2.910000e+00,-3.740000e+00,-2.110000e+00
2016-05-02 02:20:53.323,-8.500000e-01,-1.000000e-01,-2.400000e-01,-2.010000e+00,-4.760000e+00,1.660000e+00
2016-05-02 02:20:53.418,-9.400000e-01,-2.100000e-01,-3.200000e-01,2.260000e+00,-1.670000e+00,-1.220000e+00
2016-05-02 02:20:53.564,-8.700000e-01,-1.600000e-01,-3.300000e-01,-7.900000e-01,-2.230000e+00,-7.400000e-01
2016-05-02 02:20:53.662,-9.300000e-01,-2.600000e-01,-2.800000e-01,3.800000e+00,-1.470000e+00,-1.880000e+00
2016-05-02 02:20:53.759,-9.200000e-01,-1.700000e-01,-3.200000e-01,-1.500000e-01,-2.580000e+00,1.050000e+00
2016-05-02 02:20:53.906,-8.700000e-01,-1.700000e-01,-2.400000e-01,-3.400000e-01,6.600000e-01,-1.160000e+00
2016-05-02 02:20:54.003,-9.600000e-01,-2.300000e-01,-2.800000e-01,1.140000e+00,-4.530000e+00,-1.200000e+00
2016-05-02 02:20:54.148,-7.800000e-01,-2.100000e-01,-3.400000e-01,4.880000e+00,-3.500000e-01,1.900000e-01
2016-05-02 02:20:54.245,-9.100000e-01,-1.700000e-01,-2.700000e-01,1.530000e+00,6.300000e-01,-4.440000e+00
2016-05-02 02:20:54.392,-8.800000e-01,-2.000000e-01,-2.800000e-01,4.120000e+00,-9.000000e-01,-6.270000e+00
2016-05-02 02:20:54.490,-9.600000e-01,-1.900000e-01,-2.300000e-01,-9.300000e-01,-2.260000e+00,-4.080000e+00
2016-05-02 02:20:54.637,-9.000000e-01,-1.300000e-01,-2.800000e-01,-4.000000e-02,-2.230000e+00,1.660000e+00
2016-05-02 02:20:54.734,-9.500000e-01,-1.800000e-01,-3.300000e-01,1.100000e+00,-2.050000e+00,2.490000e+00
2016-05-02 02:20:54.880,-9.700000e-01,-2.300000e-01,-2.600000e-01,1.580000e+00,9.000000e-02,4.100000e-01
2016-05-02 02:20:54.977,-8.800000e-01,-2.000000e-01,-2.200000e-01,3.830000e+00,-3.220000e+00,-1.864000e+01
2016-05-02 02:20:55.130,-9.800000e-01,8.000000e-02,-2.800000e-01,-4.750000e+00,-2.120000e+00,-1.423000e+01
2016-05-02 02:20:55.222,-1,3.700000e-01,-2.500000e-01,-6.180000e+01,-2.484000e+01,1.739800e+02
2016-05-02 02:20:55.320,-1.560000e+00,9.400000e-01,-2.500000e-01,-2.750000e+00,-20,2.539900e+02
2016-05-02 02:20:55.467,-6.200000e-01,8.700000e-01,-3.100000e-01,-2.990000e+01,1.933000e+01,2.463800e+02
2016-05-02 02:20:55.565,-6.600000e-01,6.700000e-01,-4.500000e-01,-6.093000e+01,3.033000e+01,1.364800e+02
2016-05-02 02:20:55.712,-5.000000e-02,7.200000e-01,-3.000000e-02,-7.596000e+01,-1.110000e+00,4.905000e+01
2016-05-02 02:20:55.808,8.000000e-02,3.600000e-01,2.000000e-02,-2.584000e+01,1.490000e+00,-4.647000e+01
2016-05-02 02:20:55.957,-9.000000e-02,5.900000e-01,-6.000000e-02,1.791000e+01,-4.880000e+00,-1.174100e+02
2016-05-02 02:20:56.052,-7.400000e-01,5.000000e-01,-2.700000e-01,2.206000e+01,2.134000e+01,-256
2016-05-02 02:20:56.202,-1.270000e+00,2.000000e-01,-1.600000e-01,8.783000e+01,8.059000e+01,-2.520900e+02
2016-05-02 02:20:56.295,-1.480000e+00,-3.000000e-02,-3.300000e-01,7.473000e+01,3.995000e+01,-1.466600e+02
2016-05-02 02:20:56.446,-1.290000e+00,-1.200000e-01,-4.000000e-01,6.648000e+01,2.230000e+01,-6.589000e+01
2016-05-02 02:20:56.539,-9.300000e-01,-1.300000e-01,-3.800000e-01,2.372000e+01,7.850000e+00,-2.436000e+01
2016-05-02 02:20:56.684,-6.700000e-01,-1.100000e-01,-3.400000e-01,-1.417000e+01,-1.210000e+01,4.115000e+01
2016-05-02 02:20:56.781,-8.100000e-01,-3.100000e-01,-2.400000e-01,-1.065000e+01,-7.410000e+00,5.155000e+01
2016-05-02 02:20:56.880,-8.900000e-01,-3.100000e-01,-2.500000e-01,1.960000e+00,9.300000e-01,6.180000e+00
2016-05-02 02:20:57.026,-8.000000e-01,-3.400000e-01,-2.400000e-01,-2.690000e+00,-4.800000e+00,8.930000e+00
2016-05-02 02:20:57.139,-8.500000e-01,-3.000000e-01,-2.300000e-01,3.160000e+00,-4.650000e+00,-1.811000e+01
2016-05-02 02:20:57.269,-8.700000e-01,-3.200000e-01,-3.200000e-01,4.880000e+00,-1.070000e+00,-1.219000e+01
2016-05-02 02:20:57.369,-8.500000e-01,-2.700000e-01,-2.700000e-01,2.700000e-01,1.000000e-02,7.000000e-02
2016-05-02 02:20:57.515,-8.800000e-01,-2.600000e-01,-2.400000e-01,-2.750000e+00,-1.100000e+00,1.365000e+01
2016-05-02 02:20:57.610,-8.300000e-01,-2.400000e-01,-2.300000e-01,4.940000e+00,-1.140000e+00,1.760000e+00
2016-05-02 02:20:57.758,-8.500000e-01,-1.800000e-01,-3.200000e-01,4.340000e+00,-2.220000e+00,-2.500000e+00
2016-05-02 02:20:57.858,-8.700000e-01,-2.900000e-01,-3.200000e-01,-5.000000e-01,-3.880000e+00,2.700000e-01
2016-05-02 02:20:58.004,-8.100000e-01,-2.800000e-01,-1.800000e-01,-2.400000e-01,-6.680000e+00,-1.000000e-01
2016-05-02 02:20:58.102,-8.800000e-01,-2.400000e-01,-2.500000e-01,-6.200000e-01,-1.570000e+00,-1.070000e+00
2016-05-02 02:20:58.248,-9.400000e-01,-2.400000e-01,-2.400000e-01,4.880000e+00,-1.200000e-01,2.840000e+00
2016-05-02 02:20:58.345,-8.700000e-01,-2.100000e-01,-2.400000e-01,1.970000e+00,-4.590000e+00,-2.210000e+00
2016-05-02 02:20:58.440,-9.000000e-01,-2.200000e-01,-2.400000e-01,1.050000e+00,9.000000e-01,-2.890000e+00
2016-05-02 02:20:58.587,-9.000000e-01,-1.900000e-01,-2.200000e-01,1.140000e+00,-2.330000e+00,-5.890000e+00
2016-05-02 02:20:58.684,-8.700000e-01,-2.600000e-01,-3.300000e-01,7.000000e-02,-4.890000e+00,3.810000e+00
2016-05-02 02:20:58.829,-8.500000e-01,-2.800000e-01,-2.700000e-01,2.640000e+00,6.500000e-01,6.400000e-01
2016-05-02 02:20:58.926,-8.800000e-01,-2.400000e-01,-2.500000e-01,1.050000e+00,-9.300000e-01,-9.000000e-01
2016-05-02 02:20:59.074,-8.500000e-01,-1.700000e-01,-2.700000e-01,1.700000e+00,9.900000e-01,-2.520000e+00
2016-05-02 02:20:59.170,-8.500000e-01,-1.700000e-01,-2.200000e-01,4.080000e+00,-1.550000e+00,-3.840000e+00
2016-05-02 02:20:59.319,-8.800000e-01,-2.800000e-01,-2.300000e-01,2.700000e+00,-1.900000e+00,2.500000e+00
2016-05-02 02:20:59.414,-8.100000e-01,-2.300000e-01,-2.200000e-01,2.950000e+00,-1.040000e+00,-2.870000e+00
2016-05-02 02:20:59.565,-8.000000e-01,-2.700000e-01,-2.700000e-01,2.480000e+00,-1.350000e+00,-1.070000e+00
2016-05-02 02:20:59.659,-8.800000e-01,-2.600000e-01,-2.700000e-01,2.750000e+00,-2.230000e+00,9.000000e-02
2016-05-02 02:20:59.805,-9.000000e-01,-1.900000e-01,-2.300000e-01,4.730000e+00,2.370000e+00,-2.790000e+00
2016-05-02 02:20:59.902,-8.500000e-01,-2.300000e-01,-2.300000e-01,9.500000e-01,-4.400000e-01,9.700000e-01
2016-05-02 02:21:00.000,-8.500000e-01,-2.700000e-01,-2.800000e-01,2.830000e+00,1.600000e-01,6.100000e-01
2016-05-02 02:21:00.145,-8.000000e-01,-1.700000e-01,-2.500000e-01,4.220000e+00,4.500000e-01,2.260000e+00
2016-05-02 02:21:00.242,-8.800000e-01,-2.600000e-01,-2.200000e-01,-3.000000e-02,9.000000e-02,-2.510000e+00
2016-05-02 02:21:00.392,-8.700000e-01,-2.500000e-01,-2.500000e-01,2.770000e+00,-9.600000e-01,-6.910000e+00
2016-05-02 02:21:00.488,-9.500000e-01,-2.600000e-01,-1.700000e-01,1.380000e+00,-1.110000e+00,-6.650000e+00
2016-05-02 02:21:00.638,-9.600000e-01,-1.700000e-01,-2.700000e-01,2.650000e+00,4.100000e-01,-1.450000e+00
2016-05-02 02:21:00.733,-8.700000e-01,-2.700000e-01,-2.400000e-01,2.490000e+00,-2.710000e+00,-2.700000e+00
2016-05-02 02:21:00.877,-9.000000e-01,-1.600000e-01,-2.600000e-01,1.340000e+00,-4.360000e+00,-1.290000e+00
2016-05-02 02:21:00.979,-8.400000e-01,-1.600000e-01,-2.800000e-01,1.880000e+00,-4.650000e+00,9.000000e-02
2016-05-02 02:21:01.121,-9.000000e-01,-2.400000e-01,-2.400000e-01,2.100000e+00,-1.810000e+00,-1.020000e+00
2016-05-02 02:21:01.217,-8.700000e-01,-1.700000e-01,-2.700000e-01,1.600000e+00,1.050000e+00,-2.270000e+00
2016-05-02 02:21:01.364,-8.800000e-01,-1.900000e-01,-2.700000e-01,1.600000e+00,1.100000e-01,-2.740000e+00
2016-05-02 02:21:01.460,-9.500000e-01,-2.700000e-01,-2.600000e-01,2.450000e+00,-8.000000e-01,-8.400000e-01
2016-05-02 02:21:01.559,-8.600000e-01,-2.600000e-01,-2.600000e-01,-2.600000e-01,-1.590000e+00,1.000000e-01
2016-05-02 02:21:01.705,-8.400000e-01,-1.700000e-01,-2.400000e-01,-5.000000e-02,-2.260000e+00,-1.560000e+00
2016-05-02 02:21:01.803,-8.900000e-01,-2.100000e-01,-2.800000e-01,2.920000e+00,8.700000e-01,-2.230000e+00
2016-05-02 02:21:01.949,-8.500000e-01,-2.800000e-01,-2.400000e-01,2.840000e+00,-4.250000e+00,-2.120000e+00
2016-05-02 02:21:02.078,-8.000000e-01,-1.900000e-01,-2.300000e-01,1.650000e+00,5.900000e-01,-4.380000e+00
2016-05-02 02:21:02.193,-9.100000e-01,-2.100000e-01,-2.400000e-01,-2.000000e-01,-1.090000e+00,-5.000000e-01
2016-05-02 02:21:02.290,-9.000000e-01,-1.600000e-01,-2.700000e-01,1.780000e+00,-1.140000e+00,7.900000e-01
2016-05-02 02:21:02.437,-8.400000e-01,-2.600000e-01,-2.200000e-01,1.880000e+00,-2.520000e+00,-7.000000e-01
2016-05-02 02:21:02.537,-8.800000e-01,-2.000000e-01,-2.200000e-01,-2.000000e-02,-1.280000e+00,-1.710000e+00
2016-05-02 02:21:02.680,-8.500000e-01,-2.100000e-01,-2.500000e-01,2.420000e+00,-1.520000e+00,-7.300000e-01
2016-05-02 02:21:02.778,-8.600000e-01,-1.800000e-01,-2.700000e-01,2.800000e+00,2.000000e-02,-1.910000e+00
2016-05-02 02:21:02.922,-8.600000e-01,-2.700000e-01,-2.700000e-01,1.120000e+00,-2.750000e+00,-1.860000e+00
2016-05-02 02:21:03.021,-8.700000e-01,-2.000000e-01,-2.800000e-01,2.810000e+00,-1.820000e+00,1.300000e-01
2016-05-02 02:21:03.119,-8.500000e-01,-2.600000e-01,-2.600000e-01,2.390000e+00,-1.290000e+00,-4.820000e+00
2016-05-02 02:21:03.265,-9.200000e-01,-2.300000e-01,-2.300000e-01,6.300000e-01,-1.270000e+00,-1.950000e+00
2016-05-02 02:21:03.361,-8.600000e-01,-2.300000e-01,-1.700000e-01,2.950000e+00,-1.230000e+00,-2.770000e+00
2016-05-02 02:21:03.511,-8.100000e-01,-2.700000e-01,-2.600000e-01,4.590000e+00,-3.250000e+00,-1.250000e+00
2016-05-02 02:21:03.606,-8.100000e-01,-2.200000e-01,-2.200000e-01,1.660000e+00,2.000000e-01,-1.220000e+00
2016-05-02 02:21:03.754,-8.500000e-01,-2.300000e-01,-2.600000e-01,4.020000e+00,-4.800000e-01,-1.770000e+00
2016-05-02 02:21:03.850,-8.500000e-01,-2.600000e-01,-2.500000e-01,6.900000e-01,-3.500000e-01,-1.380000e+00
2016-05-02 02:21:04.000,-9.100000e-01,-1.800000e-01,-2.300000e-01,2.910000e+00,2.700000e-01,-1.021000e+01
2016-05-02 02:21:04.146,-8.500000e-01,7.000000e-02,-1.700000e-01,-2.610000e+00,-1.621000e+01,4.683000e+01
2016-05-02 02:21:04.244,-1.330000e+00,7.500000e-01,-1.300000e-01,5.060000e+00,-4.263000e+01,2.169600e+02
2016-05-02 02:21:04.338,-9.100000e-01,1.080000e+00,-1.500000e-01,-5.473000e+01,-3.970000e+01,2.539900e+02
2016-05-02 02:21:04.484,-7.600000e-01,1,-2.700000e-01,-2.022000e+01,7.720000e+01,2.539900e+02
2016-05-02 02:21:04.584,-4.000000e-01,8.200000e-01,-1.700000e-01,-4.044000e+01,1.516000e+01,1.076600e+02
2016-05-02 02:21:04.683,0,6.900000e-01,-1.000000e-02,-3.675000e+01,1.259000e+01,6.767000e+01
2016-05-02 02:21:04.825,1.700000e-01,2.400000e-01,4.000000e-02,-3.691000e+01,1.606000e+01,-2.311000e+01
2016-05-02 02:21:04.928,-2.500000e-01,3.500000e-01,-9.000000e-02,-3.020000e+00,1.921000e+01,-1.933200e+02
2016-05-02 02:21:05.068,-4.200000e-01,5.400000e-01,-2.200000e-01,3.990000e+01,5.604000e+01,-256
2016-05-02 02:21:05.168,-1.390000e+00,2.400000e-01,-1.500000e-01,8.392000e+01,9.032000e+01,-2.423200e+02
2016-05-02 02:21:05.313,-1.420000e+00,1.100000e-01,-2.000000e-01,9.158000e+01,7.498000e+01,-1.674800e+02
2016-05-02 02:21:05.412,-1.110000e+00,-1.000000e-02,-3.200000e-01,5.782000e+01,4.275000e+01,-6.521000e+01
2016-05-02 02:21:05.562,-1.010000e+00,-6.000000e-02,-2.900000e-01,2.818000e+01,1.002000e+01,3.702000e+01
2016-05-02 02:21:05.654,-9.100000e-01,-2.100000e-01,-2.900000e-01,-4.560000e+00,-8.980000e+00,7.197000e+01
2016-05-02 02:21:05.801,-1.080000e+00,-2.900000e-01,-2.400000e-01,-4.230000e+00,-1.114000e+01,5.577000e+01
2016-05-02 02:21:05.898,-1.020000e+00,-2.900000e-01,-3.300000e-01,2.090000e+00,-7,1.334000e+01
2016-05-02 02:21:06.051,-8.500000e-01,-2.600000e-01,-2.900000e-01,4.680000e+00,-4.710000e+00,-1.850000e+01
2016-05-02 02:21:06.145,-9.200000e-01,-1.200000e-01,-2.400000e-01,4.400000e+00,-3.050000e+00,-1.884000e+01
2016-05-02 02:21:06.242,-8.800000e-01,-1.300000e-01,-3.300000e-01,-5.000000e-02,6.700000e-01,-3.800000e+00
2016-05-02 02:21:06.388,-9.100000e-01,-1.200000e-01,-3.300000e-01,1.810000e+00,4.840000e+00,1.240000e+00
2016-05-02 02:21:06.486,-9.400000e-01,-2.700000e-01,-2.400000e-01,1.380000e+00,-3.110000e+00,2.300000e+00
2016-05-02 02:21:06.633,-8.100000e-01,-1.800000e-01,-2.900000e-01,4.520000e+00,-3.450000e+00,9.000000e-01
2016-05-02 02:21:06.726,-8.600000e-01,-1.400000e-01,-3.300000e-01,2.120000e+00,5.400000e-01,1.700000e-01
2016-05-02 02:21:06.874,-9.300000e-01,-2.500000e-01,-2.500000e-01,3.700000e-01,-1.670000e+00,3.800000e-01
2016-05-02 02:21:06.971,-8.800000e-01,-2.600000e-01,-3.200000e-01,1.900000e+00,8.800000e-01,-4.300000e-01
2016-05-02 02:21:07.126,-8.600000e-01,-2.000000e-01,-2.200000e-01,3.530000e+00,-2.560000e+00,-3.730000e+00
2016-05-02 02:21:07.213,-9.500000e-01,-1.800000e-01,-2.300000e-01,2.230000e+00,-1.780000e+00,-2.110000e+00
2016-05-02 02:21:07.359,-8.500000e-01,-2.200000e-01,-3.100000e-01,-2.490000e+00,-1.590000e+00,3.800000e-01
2016-05-02 02:21:07.459,-8.500000e-01,-1.700000e-01,-3.200000e-01,1.090000e+00,2,2.100000e+00
2016-05-02 02:21:07.605,-9.400000e-01,-2.700000e-01,-2.900000e-01,6.080000e+00,-1.910000e+00,-6.410000e+00
2016-05-02 02:21:07.702,-8.900000e-01,-1.700000e-01,-3.200000e-01,6,-6.700000e-01,-3.050000e+00
2016-05-02 02:21:07.798,-8.800000e-01,-1.600000e-01,-3.200000e-01,3.230000e+00,-8.100000e-01,-2.080000e+00
2016-05-02 02:21:07.951,-8.000000e-01,-2.100000e-01,-2.300000e-01,4.810000e+00,-4.730000e+00,-2.020000e+00
2016-05-02 02:21:08.046,-9.000000e-01,-1.900000e-01,-2.500000e-01,2.940000e+00,-1.640000e+00,-2.140000e+00
2016-05-02 02:21:08.193,-8.300000e-01,-2.700000e-01,-2.400000e-01,4.230000e+00,2.100000e+00,-1.310000e+00
2016-05-02 02:21:08.288,-8.600000e-01,-1.800000e-01,-2.400000e-01,1.380000e+00,4.900000e-01,5.800000e-01
2016-05-02 02:21:08.434,-8.800000e-01,-2.100000e-01,-2.400000e-01,4.660000e+00,7.900000e-01,-6.100000e-01
2016-05-02 02:21:08.531,-8.500000e-01,-2.600000e-01,-2.300000e-01,1.910000e+00,6.200000e-01,-1.630000e+00
2016-05-02 02:21:08.678,-9.600000e-01,-1.100000e-01,-3.300000e-01,3.620000e+00,-2.300000e-01,-9.000000e-02
2016-05-02 02:21:08.777,-8.000000e-01,-1.600000e-01,-3.300000e-01,4.910000e+00,7.000000e-02,-2.370000e+00
2016-05-02 02:21:08.923,-8.700000e-01,-1.700000e-01,-2.500000e-01,1.050000e+00,2.000000e-02,-1.210000e+00
2016-05-02 02:21:09.018,-9.000000e-01,-1.900000e-01,-2.600000e-01,1.390000e+00,-2.130000e+00,2.950000e+00
2016-05-02 02:21:09.165,-8.800000e-01,-1.700000e-01,-2.300000e-01,1.860000e+00,7.500000e-01,5.400000e-01
2016-05-02 02:21:09.263,-8.500000e-01,-2.000000e-01,-3.400000e-01,-3.100000e-01,-2.970000e+00,-4.330000e+00
2016-05-02 02:21:09.359,-8.900000e-01,-2.200000e-01,-2.500000e-01,3.050000e+00,-2.050000e+00,-4.100000e+00
2016-05-02 02:21:09.507,-8.000000e-01,-2.000000e-01,-2.200000e-01,4.450000e+00,-1.510000e+00,-3.030000e+00
2016-05-02 02:21:09.603,-9.600000e-01,-2.200000e-01,-3.200000e-01,-2.250000e+00,-2.340000e+00,-9.600000e-01
2016-05-02 02:21:09.748,-8.900000e-01,-1.900000e-01,-3.300000e-01,1.120000e+00,-4.200000e+00,-1.880000e+00
2016-05-02 02:21:09.847,-9.000000e-01,-1.800000e-01,-2.700000e-01,1.030000e+00,8.700000e-01,-2.430000e+00
2016-05-02 02:21:09.991,-8.700000e-01,-2.000000e-01,-2.800000e-01,-8.000000e-01,-1.610000e+00,-1.370000e+00
2016-05-02 02:21:10.090,-9.000000e-01,-1.600000e-01,-2.400000e-01,2.720000e+00,-1.200000e+00,-1.000000e-02
2016-05-02 02:21:10.237,-9.000000e-01,-1.000000e-01,-3.400000e-01,2.790000e+00,-2.850000e+00,-2.030000e+00
2016-05-02 02:21:10.334,-8.500000e-01,-1.700000e-01,-2.400000e-01,1.230000e+00,-4.480000e+00,-1.490000e+00
2016-05-02 02:21:10.479,-8.900000e-01,-1.900000e-01,-2.200000e-01,3.580000e+00,-2.840000e+00,-2.950000e+00
2016-05-02 02:21:10.578,-8.600000e-01,-1.700000e-01,-2.400000e-01,1.800000e+00,-1.470000e+00,-2.700000e-01
2016-05-02 02:21:10.723,-9.500000e-01,-2.100000e-01,-2.300000e-01,1.130000e+00,-2.020000e+00,2.290000e+00
2016-05-02 02:21:10.822,-9.400000e-01,-1.600000e-01,-3.100000e-01,-4.000000e-01,1.000000e-01,-8.400000e-01
2016-05-02 02:21:10.920,-9.300000e-01,-1.200000e-01,-3.200000e-01,4.760000e+00,-2.620000e+00,-2.580000e+00
2016-05-02 02:21:11.066,-9.600000e-01,-2.000000e-01,-3.200000e-01,1.460000e+00,-7.800000e-01,-1.230000e+00
2016-05-02 02:21:11.162,-8.700000e-01,-1.700000e-01,-2.400000e-01,1.790000e+00,-2.600000e-01,-2.780000e+00
2016-05-02 02:21:11.310,-8.500000e-01,-2.000000e-01,-2.200000e-01,2.980000e+00,-2.440000e+00,-4.070000e+00
2016-05-02 02:21:11.408,-8.600000e-01,-2.000000e-01,-2.400000e-01,2.050000e+00,-2.550000e+00,-1.690000e+00
2016-05-02 02:21:11.553,-8.800000e-01,-1.900000e-01,-3.200000e-01,-1.500000e-01,-2.730000e+00,-2.840000e+00
2016-05-02 02:21:11.651,-8.500000e-01,-2.100000e-01,-2.300000e-01,1.520000e+00,-2.050000e+00,1.000000e-02
2016-05-02 02:21:11.795,-9.000000e-01,-2.100000e-01,-2.500000e-01,-7.300000e-01,-2.580000e+00,-4.470000e+00
2016-05-02 02:21:11.893,-9.100000e-01,-2.000000e-01,-1.800000e-01,-1.900000e-01,-3.920000e+00,-2.270000e+00
2016-05-02 02:21:12.042,-9.500000e-01,-1.100000e-01,-2.400000e-01,2.610000e+00,1.760000e+00,7.200000e-01
2016-05-02 02:21:12.137,-8.700000e-01,-2.000000e-01,-3.300000e-01,4.380000e+00,-1.090000e+00,-6.000000e-01
2016-05-02 02:21:12.282,-8.800000e-01,-1.700000e-01,-3.300000e-01,2.790000e+00,-1.980000e+00,-2.030000e+00
2016-05-02 02:21:12.380,-7.900000e-01,-1.900000e-01,-2.700000e-01,-6.100000e-01,-1.480000e+00,-1.280000e+00
2016-05-02 02:21:12.480,-8.500000e-01,-2.000000e-01,-3.300000e-01,9.200000e-01,-2.520000e+00,-1.690000e+00
2016-05-02 02:21:12.623,-9.500000e-01,-2.000000e-01,-3.400000e-01,2.310000e+00,-1.010000e+00,-4.230000e+00
2016-05-02 02:21:12.721,-9.700000e-01,-1.800000e-01,-2.400000e-01,3.180000e+00,9.800000e-01,-1.700000e+00
2016-05-02 02:21:12.872,-8.800000e-01,-2.100000e-01,-3.400000e-01,3.120000e+00,3.280000e+00,-1.770000e+00
2016-05-02 02:21:12.969,-9.800000e-01,1.100000e-01,-2.800000e-01,1.577000e+01,1.430000e+01,-3.830000e+01
2016-05-02 02:21:13.116,-1.500000e+00,5.400000e-01,-2.900000e-01,-6.053000e+01,-2.280000e+00,8.045000e+01
2016-05-02 02:21:13.211,-1.370000e+00,6.900000e-01,-1.800000e-01,-9.506000e+01,-5.277000e+01,2.539900e+02
2016-05-02 02:21:13.356,-1.310000e+00,6.100000e-01,-6.000000e-02,-4.173000e+01,-2.630000e+01,2.539900e+02
2016-05-02 02:21:13.455,-3.400000e-01,7.800000e-01,-1.800000e-01,-7.284000e+01,-3.864000e+01,1.572100e+02
2016-05-02 02:21:13.600,-2.000000e-02,7.400000e-01,1.000000e-02,-4.064000e+01,5.400000e+00,6.862000e+01
2016-05-02 02:21:13.701,2.800000e-01,4.100000e-01,1.600000e-01,-2.020000e+01,6.990000e+00,2.132000e+01
2016-05-02 02:21:13.843,2.000000e-01,4.600000e-01,2.000000e-01,7.460000e+00,-6.960000e+00,-2.235000e+01
2016-05-02 02:21:13.941,-1.000000e-01,7.100000e-01,9.000000e-02,-8.840000e+00,-3.570000e+00,-1.347000e+02
2016-05-02 02:21:14.038,-5.500000e-01,6.900000e-01,8.000000e-02,3.502000e+01,3.066000e+01,-2.200600e+02
2016-05-02 02:21:14.186,-1.190000e+00,8.900000e-01,-3.000000e-02,9.243000e+01,7.872000e+01,-2.394500e+02
2016-05-02 02:21:14.285,-9.700000e-01,4.000000e-01,-1.500000e-01,6.866000e+01,4.335000e+01,-1.831500e+02
2016-05-02 02:21:14.431,-1.390000e+00,3.800000e-01,-2.100000e-01,7.871000e+01,6.073000e+01,-1.117600e+02
2016-05-02 02:21:14.528,-1.110000e+00,1.600000e-01,-2.400000e-01,4.319000e+01,3.294000e+01,-1.190900e+02
2016-05-02 02:21:14.674,-8.500000e-01,1.000000e-01,-2.800000e-01,1.759000e+01,2.240000e+01,-7.260000e+01
2016-05-02 02:21:14.773,-9.500000e-01,-1.900000e-01,-3.000000e-01,1.073000e+01,5.360000e+00,1.003000e+01
2016-05-02 02:21:14.920,-7.900000e-01,-2.700000e-01,-3.200000e-01,-1.063000e+01,7.800000e-01,4.470000e+01
2016-05-02 02:21:15.014,-9.200000e-01,-2.400000e-01,-3.300000e-01,5.000000e-02,2.230000e+00,3.470000e+01
2016-05-02 02:21:15.159,-9.400000e-01,-3.400000e-01,-3.300000e-01,1.010000e+00,-7.380000e+00,1.428000e+01
2016-05-02 02:21:15.258,-9.600000e-01,-2.200000e-01,-3.900000e-01,1.180000e+00,-5.910000e+00,-1.049000e+01
2016-05-02 02:21:15.403,-8.200000e-01,-1.700000e-01,-2.500000e-01,4.100000e-01,-4.910000e+00,-7.090000e+00
2016-05-02 02:21:15.500,-9.400000e-01,-2.800000e-01,-2.400000e-01,8.800000e-01,6.600000e-01,-2.480000e+00
2016-05-02 02:21:15.598,-8.900000e-01,-1.200000e-01,-3.800000e-01,4.170000e+00,6.100000e-01,8.020000e+00
2016-05-02 02:21:15.744,-8.800000e-01,-1.800000e-01,-3.400000e-01,-2.800000e-01,-4.910000e+00,-5.500000e-01
2016-05-02 02:21:15.842,-8.000000e-01,-2.600000e-01,-3.300000e-01,-2.850000e+00,5.400000e-01,-1.950000e+00
2016-05-02 02:21:15.989,-8.200000e-01,-1.700000e-01,-3.200000e-01,4.810000e+00,-1.850000e+00,-2.870000e+00
2016-05-02 02:21:16.087,-8.700000e-01,-2.000000e-01,-2.900000e-01,3.980000e+00,2.070000e+00,-2.280000e+00
2016-05-02 02:21:16.232,-8.700000e-01,-1.100000e-01,-3.300000e-01,4.370000e+00,-4.450000e+00,-1.160000e+00
2016-05-02 02:21:16.330,-8.600000e-01,-1.200000e-01,-2.300000e-01,3.020000e+00,-2.460000e+00,1.200000e-01
2016-05-02 02:21:16.477,-8.000000e-01,-1.700000e-01,-2.800000e-01,3.350000e+00,-2.010000e+00,-1.730000e+00
2016-05-02 02:21:16.574,-8.500000e-01,-1.900000e-01,-2.500000e-01,2.390000e+00,-3.030000e+00,-1.660000e+00
2016-05-02 02:21:16.719,-9.500000e-01,-2.500000e-01,-2.700000e-01,4.340000e+00,-2.210000e+00,-1.060000e+00
2016-05-02 02:21:16.868,-8.700000e-01,-1.600000e-01,-2.500000e-01,1.900000e+00,-1.950000e+00,-4.130000e+00
2016-05-02 02:21:16.965,-8.500000e-01,-2.700000e-01,-2.400000e-01,3.410000e+00,-9.500000e-01,-1.690000e+00
2016-05-02 02:21:17.063,-8.600000e-01,-1.800000e-01,-2.600000e-01,2.380000e+00,-2.470000e+00,-2.090000e+00
2016-05-02 02:21:17.183,-9.000000e-01,-3.200000e-01,-2.600000e-01,2.130000e+00,8.400000e-01,-3.750000e+00
2016-05-02 02:21:17.305,-8.700000e-01,-2.800000e-01,-3.300000e-01,2.010000e+00,-2.990000e+00,7.300000e-01
2016-05-02 02:21:17.403,-9.500000e-01,-1.600000e-01,-3.200000e-01,2.670000e+00,2.600000e-01,-9.600000e-01
2016-05-02 02:21:17.548,-9.700000e-01,-1.600000e-01,-2.700000e-01,2.750000e+00,-2.060000e+00,2.500000e-01
2016-05-02 02:21:17.645,-7.800000e-01,-2.000000e-01,-3.200000e-01,6.200000e-01,7.700000e-01,-4.060000e+00
2016-05-02 02:21:17.791,-8.700000e-01,-2.000000e-01,-2.200000e-01,2.040000e+00,5.500000e-01,-7.700000e-01
2016-05-02 02:21:17.889,-8.900000e-01,-2.800000e-01,-3.000000e-01,2.980000e+00,-2.210000e+00,6.500000e-01
2016-05-02 02:21:18.035,-7.800000e-01,-2.700000e-01,-3.200000e-01,4.430000e+00,-1.310000e+00,-2.500000e+00
2016-05-02 02:21:18.133,-8.500000e-01,-1.900000e-01,-2.200000e-01,4.930000e+00,4.100000e-01,-1.230000e+00
2016-05-02 02:21:18.279,-9.000000e-01,-1.800000e-01,-2.400000e-01,4.670000e+00,5.700000e-01,-2.620000e+00
2016-05-02 02:21:18.378,-9.000000e-01,-2.700000e-01,-2.200000e-01,1.380000e+00,-4.050000e+00,-4.000000e-01
2016-05-02 02:21:18.528,-8.100000e-01,-2.100000e-01,-2.900000e-01,1.680000e+00,-6.300000e+00,-1.270000e+00
2016-05-02 02:21:18.629,-8.900000e-01,-1.000000e-01,-3.400000e-01,-3.000000e-02,-2.430000e+00,-3.280000e+00
2016-05-02 02:21:18.719,-8.900000e-01,-2.200000e-01,-3.400000e-01,4.400000e-01,-4.380000e+00,-1.340000e+00
2016-05-02 02:21:18.865,-8.800000e-01,-2.300000e-01,-3.000000e-01,2.110000e+00,3.400000e-01,-2.710000e+00
2016-05-02 02:21:18.961,-8.500000e-01,-2.200000e-01,-2.500000e-01,1.580000e+00,-2.500000e-01,8.800000e-01
2016-05-02 02:21:19.108,-8.900000e-01,-2.700000e-01,-2.800000e-01,6.000000e-01,2.550000e+00,-4.490000e+00
2016-05-02 02:21:19.206,-8.100000e-01,-2.000000e-01,-2.900000e-01,2.340000e+00,-3.530000e+00,1.430000e+00
2016-05-02 02:21:19.354,-8.500000e-01,-1.600000e-01,-2.800000e-01,-1.200000e+00,-1.800000e+00,-6.160000e+00
2016-05-02 02:21:19.450,-8.700000e-01,-2.500000e-01,-2.400000e-01,2.360000e+00,-1.460000e+00,-1.560000e+00
2016-05-02 02:21:19.596,-8.100000e-01,-1.600000e-01,-2.800000e-01,-2.280000e+00,-2.380000e+00,1.110000e+00
2016-05-02 02:21:19.695,-8.900000e-01,-2.800000e-01,-2.400000e-01,1.270000e+00,9.800000e-01,-4.800000e+00
2016-05-02 02:21:19.850,-9.600000e-01,-1.100000e-01,-3.300000e-01,2.940000e+00,-1.840000e+00,-1.700000e-01
2016-05-02 02:21:19.939,-8.100000e-01,-1.100000e-01,-3.300000e-01,3.260000e+00,-7.300000e-01,-1.420000e+00
2016-05-02 02:21:20.083,-8.400000e-01,-2.100000e-01,-2.700000e-01,3.030000e+00,-2.580000e+00,-5.400000e-01
2016-05-02 02:21:20.183,-8.500000e-01,-1.900000e-01,-2.300000e-01,1.550000e+00,1.300000e-01,-4.300000e-01
2016-05-02 02:21:20.280,-8.700000e-01,-1.800000e-01,-3.200000e-01,1.570000e+00,4.600000e-01,-4.280000e+00
2016-05-02 02:21:20.426,-9.200000e-01,-1.800000e-01,-2.400000e-01,2.460000e+00,-6.820000e+00,9.100000e-01
2016-05-02 02:21:20.523,-9.200000e-01,-1.200000e-01,-2.700000e-01,2.610000e+00,-2.080000e+00,6.300000e-01
2016-05-02 02:21:20.668,-9.500000e-01,-2.600000e-01,-3.200000e-01,4.810000e+00,-1.710000e+00,-6.150000e+00
2016-05-02 02:21:20.765,-8.500000e-01,-2.500000e-01,-3.300000e-01,2.080000e+00,-2.230000e+00,-1.920000e+00
2016-05-02 02:21:20.912,-9.100000e-01,-1.800000e-01,-2.900000e-01,2.980000e+00,-4.010000e+00,-1.090000e+00
2016-05-02 02:21:21.009,-9.600000e-01,-1.600000e-01,-2.300000e-01,4.050000e+00,5.700000e-01,-4.880000e+00
2016-05-02 02:21:21.157,-9.000000e-01,-2.200000e-01,-3.200000e-01,6.970000e+00,9.900000e-01,-2.310000e+00
2016-05-02 02:21:21.253,-8.700000e-01,-2.500000e-01,-2.500000e-01,1.780000e+00,5.200000e-01,-3.990000e+00
2016-05-02 02:21:21.406,-8.500000e-01,-2.700000e-01,-2.200000e-01,1.790000e+00,-2.640000e+00,-5.400000e-01
2016-05-02 02:21:21.498,-9.400000e-01,-1.900000e-01,-3.200000e-01,2.230000e+00,6.600000e-01,-1.150000e+00
2016-05-02 02:21:21.643,-9.100000e-01,-2.500000e-01,-2.400000e-01,-2.000000e-02,-2.520000e+00,7.800000e-01
2016-05-02 02:21:21.741,-9.700000e-01,-2.000000e-01,-2.300000e-01,1.580000e+00,9.500000e-01,3.400000e-01
2016-05-02 02:21:21.838,-9.500000e-01,-1.800000e-01,-2.400000e-01,2.580000e+00,-2.560000e+00,-4.090000e+00
2016-05-02 02:21:21.986,-9.400000e-01,-2.000000e-01,-2.800000e-01,-9.800000e-01,9.500000e-01,-4.710000e+00
2016-05-02 02:21:22.088,-9.600000e-01,-2.500000e-01,-2.400000e-01,4.190000e+00,-4.700000e-01,-1.410000e+00
2016-05-02 02:21:22.233,-8.800000e-01,-1.800000e-01,-2.400000e-01,3.300000e+00,4.220000e+00,-3.440000e+00
2016-05-02 02:21:22.331,-9.000000e-01,-2.000000e-01,-3.300000e-01,2.440000e+00,3.690000e+00,-9.330000e+00
2016-05-02 02:21:22.476,-9.300000e-01,1.900000e-01,-2.300000e-01,-2.365000e+01,4.120000e+00,-7.200000e+00
2016-05-02 02:21:22.574,-1.110000e+00,6.400000e-01,-1.700000e-01,-6.273000e+01,-4.413000e+01,1.780300e+02
2016-05-02 02:21:22.717,-1.340000e+00,5.200000e-01,-1.500000e-01,-4.235000e+01,-3.774000e+01,2.506000e+02
2016-05-02 02:21:22.814,-1.120000e+00,9.600000e-01,-2.600000e-01,-1.937000e+01,-8.020000e+00,1.893800e+02
2016-05-02 02:21:22.959,-5.900000e-01,1.020000e+00,-4.600000e-01,-6.138000e+01,-2.160000e+00,8.327000e+01
2016-05-02 02:21:23.058,-4.600000e-01,8.200000e-01,-4.000000e-02,-7.159000e+01,1.177000e+01,6.354000e+01
2016-05-02 02:21:23.207,6.000000e-02,1.100000e-01,3.000000e-02,-1.388000e+01,3.120000e+00,2.274000e+01
2016-05-02 02:21:23.302,-1.900000e-01,1.300000e-01,-1.500000e-01,4.545000e+01,-2.791000e+01,-1.255800e+02
2016-05-02 02:21:23.399,-5.000000e-01,6.100000e-01,-1.900000e-01,3.789000e+01,4.620000e+00,-2.474800e+02
2016-05-02 02:21:23.546,-1.090000e+00,4.100000e-01,-1.700000e-01,5.693000e+01,5.134000e+01,-2.124300e+02
2016-05-02 02:21:23.643,-1.140000e+00,-9.000000e-02,-2.000000e-01,6.298000e+01,7.382000e+01,-181
2016-05-02 02:21:23.792,-1.630000e+00,1.300000e-01,-2.600000e-01,4.588000e+01,9.423000e+01,-213
2016-05-02 02:21:23.890,-6.800000e-01,-4.000000e-02,-3.200000e-01,3.317000e+01,2.040000e+01,-5.595000e+01
2016-05-02 02:21:24.034,-8.900000e-01,-1.700000e-01,-3.100000e-01,7.880000e+00,1.881000e+01,2.020000e+00
2016-05-02 02:21:24.131,-8.400000e-01,-2.400000e-01,-1.700000e-01,-3.500000e+00,-1.613000e+01,6.668000e+01
2016-05-02 02:21:24.277,-9.400000e-01,-4.800000e-01,-3.300000e-01,5.350000e+00,-4.130000e+00,3.073000e+01
2016-05-02 02:21:24.375,-8.000000e-01,-4.000000e-01,-2.200000e-01,7.410000e+00,-4.780000e+00,1.216000e+01
2016-05-02 02:21:24.522,-9.000000e-01,-3.600000e-01,-2.700000e-01,9.100000e+00,1.200000e-01,-5.830000e+00
2016-05-02 02:21:24.619,-8.800000e-01,-3.600000e-01,-3.100000e-01,5.100000e+00,4.600000e-01,-1.577000e+01
2016-05-02 02:21:24.763,-6.900000e-01,-2.200000e-01,-2.800000e-01,6.410000e+00,-3.000000e-01,-5.090000e+00
2016-05-02 02:21:24.862,-7.900000e-01,-2.800000e-01,-2.300000e-01,1.160000e+00,8.200000e-01,5.390000e+00
2016-05-02 02:21:24.962,-9.600000e-01,-4.400000e-01,-2.700000e-01,1.300000e+00,-2.480000e+00,3.370000e+00
2016-05-02 02:21:25.108,-8.500000e-01,-2.900000e-01,-3.200000e-01,-1.800000e-01,2.500000e-01,8.700000e+00
2016-05-02 02:21:25.205,-8.500000e-01,-4.600000e-01,-2.300000e-01,6.500000e-01,-1.070000e+00,8.300000e+00
2016-05-02 02:21:25.354,-8.900000e-01,-2.200000e-01,-2.700000e-01,4.260000e+00,-1.450000e+00,-6.120000e+00
2016-05-02 02:21:25.448,-8.900000e-01,-2.900000e-01,-3.200000e-01,1.200000e-01,-1.200000e+00,2.300000e+00
2016-05-02 02:21:25.593,-9.000000e-01,-3.200000e-01,-2.600000e-01,2.110000e+00,-4.000000e-01,5.000000e-02
2016-05-02 02:21:25.691,-8.900000e-01,-2.800000e-01,-3.200000e-01,2.160000e+00,-4.860000e+00,-6.470000e+00
2016-05-02 02:21:25.838,-7.200000e-01,-3.400000e-01,-3.200000e-01,2.370000e+00,2.020000e+00,2.750000e+00
2016-05-02 02:21:25.933,-9.000000e-01,-3.300000e-01,-2.300000e-01,2.540000e+00,2.390000e+00,3.270000e+00
2016-05-02 02:21:26.084,-8.000000e-01,-3.100000e-01,-3.300000e-01,2.120000e+00,-4.590000e+00,-2.430000e+00
2016-05-02 02:21:26.179,-8.900000e-01,-3.300000e-01,-2.400000e-01,1.780000e+00,-2.000000e-01,-2.940000e+00
2016-05-02 02:21:26.323,-8.600000e-01,-2.400000e-01,-2.200000e-01,4.110000e+00,2.920000e+00,-4.650000e+00
2016-05-02 02:21:26.422,-8.500000e-01,-2.400000e-01,-3.200000e-01,4.390000e+00,2.840000e+00,-6.400000e-01
2016-05-02 02:21:26.524,-8.300000e-01,-3.000000e-01,-3.300000e-01,4.500000e-01,-4.380000e+00,2.440000e+00
2016-05-02 02:21:26.666,-9.500000e-01,-2.800000e-01,-3.100000e-01,3.830000e+00,-2.700000e-01,-6.600000e-01
2016-05-02 02:21:26.767,-8.500000e-01,-2.300000e-01,-3.400000e-01,3.920000e+00,-2.620000e+00,2.160000e+00
2016-05-02 02:21:26.910,-8.900000e-01,-1.800000e-01,-2.400000e-01,4.590000e+00,-2.080000e+00,-2.450000e+00
2016-05-02 02:21:27.009,-8.500000e-01,-2.400000e-01,-2.500000e-01,1.220000e+00,-2.850000e+00,-6.200000e-01
2016-05-02 02:21:27.156,-9.700000e-01,-1.800000e-01,-2.500000e-01,2.030000e+00,-1.520000e+00,4.800000e-01
2016-05-02 02:21:27.263,-8.500000e-01,-1.800000e-01,-2.600000e-01,-7.200000e-01,-4.690000e+00,-2.450000e+00
2016-05-02 02:21:27.399,-9.000000e-01,-2.400000e-01,-2.500000e-01,2.170000e+00,-2.230000e+00,-4.400000e-01
2016-05-02 02:21:27.495,-9.700000e-01,-3.200000e-01,-2.300000e-01,1.890000e+00,6.700000e-01,-4.560000e+00
2016-05-02 02:21:27.646,-8.500000e-01,-3.300000e-01,-2.400000e-01,2.050000e+00,0,-5.300000e-01
2016-05-02 02:21:27.739,-9.100000e-01,-2.400000e-01,-2.300000e-01,2.510000e+00,-2.220000e+00,-4.110000e+00
2016-05-02 02:21:27.884,-8.900000e-01,-2.400000e-01,-2.500000e-01,-6.600000e-01,-1.800000e+00,-2.550000e+00
2016-05-02 02:21:27.982,-8.100000e-01,-2.700000e-01,-2.500000e-01,8.400000e-01,6.300000e-01,5.100000e-01
2016-05-02 02:21:28.081,-8.600000e-01,-2.700000e-01,-1.800000e-01,2.980000e+00,-1.980000e+00,3.400000e-01
2016-05-02 02:21:28.227,-8.500000e-01,-2.400000e-01,-2.700000e-01,-7.300000e-01,-3.450000e+00,5.900000e-01
2016-05-02 02:21:28.324,-7.900000e-01,-2.300000e-01,-2.800000e-01,-1.410000e+00,6.400000e-01,3.800000e+00
2016-05-02 02:21:28.470,-8.700000e-01,-1.700000e-01,-2.200000e-01,-3.900000e-01,-6.780000e+00,1.900000e-01
2016-05-02 02:21:28.568,-8.100000e-01,-2.500000e-01,-2.600000e-01,-1.200000e-01,2.000000e-01,-1.560000e+00
2016-05-02 02:21:28.714,-8.500000e-01,-2.400000e-01,-2.400000e-01,2.840000e+00,-2.840000e+00,3.450000e+00
2016-05-02 02:21:28.809,-8.300000e-01,-3.200000e-01,-2.700000e-01,1.040000e+00,-2.910000e+00,-4.290000e+00
2016-05-02 02:21:28.957,-9.000000e-01,-2.300000e-01,-2.600000e-01,1.300000e+00,-1.450000e+00,-4.290000e+00
2016-05-02 02:21:29.055,-8.600000e-01,-3.300000e-01,-2.500000e-01,2.030000e+00,4.500000e-01,-2.100000e-01
2016-05-02 02:21:29.199,-9.200000e-01,-1.700000e-01,-3.400000e-01,1.062000e+01,9.740000e+00,-1.160000e+00
2016-05-02 02:21:29.301,-9.100000e-01,-3.300000e-01,-2.700000e-01,-4.300000e+00,-5.240000e+00,2.110000e+00
2016-05-02 02:21:29.447,-9.600000e-01,-2.600000e-01,-1.800000e-01,-3.600000e-01,-3.180000e+00,2.470000e+00
2016-05-02 02:21:29.541,-9.000000e-01,-2.600000e-01,-2.400000e-01,-1.010000e+00,-3.010000e+00,-3.600000e-01
2016-05-02 02:21:29.639,-9.100000e-01,-2.600000e-01,-2.400000e-01,2.980000e+00,4.500000e-01,9.500000e-01
2016-05-02 02:21:29.784,-8.000000e-01,-2.200000e-01,-2.500000e-01,-2.040000e+00,-2.500000e+00,-1.240000e+00
2016-05-02 02:21:29.884,-8.900000e-01,-2.500000e-01,-2.400000e-01,2.270000e+00,-2.510000e+00,-4.500000e-01
2016-05-02 02:21:30.032,-8.500000e-01,-2.500000e-01,-2.500000e-01,4.410000e+00,-3.050000e+00,-1.020000e+00
2016-05-02 02:21:30.130,-8.600000e-01,-1.800000e-01,-2.300000e-01,2.550000e+00,2.190000e+00,4.000000e-02
2016-05-02 02:21:30.276,-9.000000e-01,-2.100000e-01,-2.600000e-01,2.160000e+00,2.300000e-01,-1.020000e+00
2016-05-02 02:21:30.373,-7.800000e-01,-2.200000e-01,-2.700000e-01,6.340000e+00,6.900000e-01,5.900000e-01
2016-05-02 02:21:30.519,-8.800000e-01,-1.700000e-01,-3.100000e-01,1.510000e+00,-2.560000e+00,-2.580000e+00
2016-05-02 02:21:30.616,-9.000000e-01,-2.600000e-01,-2.300000e-01,2.980000e+00,-1.670000e+00,-3.730000e+00
2016-05-02 02:21:30.761,-9.600000e-01,-2.800000e-01,-2.400000e-01,-3.400000e-01,4.900000e-01,-1.090000e+00
2016-05-02 02:21:30.859,-8.700000e-01,-1.600000e-01,-2.700000e-01,1.920000e+00,-4.450000e+00,-2.580000e+00
2016-05-02 02:21:31.005,-9.000000e-01,-2.700000e-01,-2.600000e-01,4.340000e+00,-2.780000e+00,-1.710000e+00
2016-05-02 02:21:31.105,-8.800000e-01,-2.500000e-01,-3.300000e-01,-8.000000e-02,-1.630000e+00,-2.450000e+00
2016-05-02 02:21:31.198,-9.600000e-01,-2.800000e-01,-2.600000e-01,-5.000000e-02,5.800000e-01,-2.800000e+00
2016-05-02 02:21:31.344,-7.900000e-01,-2.500000e-01,-2.500000e-01,2.580000e+00,2.700000e-01,-2.420000e+00
2016-05-02 02:21:31.445,-8.400000e-01,-1.800000e-01,-2.500000e-01,-3.800000e-01,-2.910000e+00,-3.190000e+00
2016-05-02 02:21:31.592,-8.500000e-01,-2.600000e-01,-2.700000e-01,-5.900000e-01,2.900000e-01,-3.150000e+00
2016-05-02 02:21:31.688,-8.700000e-01,-2.200000e-01,-2.700000e-01,4.090000e+00,-2.200000e-01,-1.040000e+01
2016-05-02 02:21:31.836,-8.700000e-01,-2.700000e-01,-1.700000e-01,-1.980000e+00,-6.230000e+00,-8.970000e+00
2016-05-02 02:21:31.933,-8.100000e-01,-1.700000e-01,-2.400000e-01,-4.700000e+00,-6.310000e+00,-8.020000e+00
2016-05-02 02:21:32.077,-8.500000e-01,1.000000e-02,-1.400000e-01,1.623000e+01,-2.327000e+01,-6.121000e+01
2016-05-02 02:21:32.174,-1.330000e+00,6.900000e-01,-6.000000e-02,-5.066000e+01,-3.595000e+01,1.126700e+02
2016-05-02 02:21:32.323,-1.160000e+00,5.300000e-01,-2.700000e-01,-9.998000e+01,8.880000e+00,2.012300e+02
2016-05-02 02:21:32.417,-1.820000e+00,3.500000e-01,-1.400000e-01,-1.055900e+02,3.530000e+00,2.068800e+02
2016-05-02 02:21:32.564,-1.140000e+00,2.900000e-01,-1.900000e-01,-6.046000e+01,-1.120000e+01,2.061200e+02
2016-05-02 02:21:32.663,-8.000000e-02,3.400000e-01,-1.300000e-01,-3.984000e+01,-8.062000e+01,1.581000e+02
2016-05-02 02:21:32.762,3.100000e-01,2.700000e-01,-7.000000e-02,-3.340000e+00,1.777000e+01,2.820000e+01
2016-05-02 02:21:32.909,1.000000e-01,2.800000e-01,1.100000e-01,-2.010000e+00,-1.877000e+01,-1.055800e+02
2016-05-02 02:21:33.002,-8.300000e-01,2.100000e-01,9.000000e-02,4.154000e+01,4.051000e+01,-2.020900e+02
2016-05-02 02:21:33.152,-8.200000e-01,3.000000e-01,-1.900000e-01,8.270000e+01,5.588000e+01,-2.205700e+02
2016-05-02 02:21:33.248,-1.550000e+00,4.500000e-01,-8.000000e-02,7.958000e+01,5.860000e+01,-256
2016-05-02 02:21:33.393,-1.410000e+00,4.000000e-02,-1.900000e-01,68,4.500000e+00,-2.672000e+01
2016-05-02 02:21:33.492,-1.070000e+00,-3.800000e-01,-1.400000e-01,5.041000e+01,2.455000e+01,-1.892000e+01
2016-05-02 02:21:33.636,-9.500000e-01,-1.700000e-01,-2.700000e-01,1.099000e+01,2.640000e+00,-4.112000e+01
2016-05-02 02:21:33.734,-7.900000e-01,-9.000000e-02,-1.800000e-01,8.190000e+00,1.244000e+01,-3.913000e+01
2016-05-02 02:21:33.881,-8.300000e-01,-8.000000e-02,-1.200000e-01,3.310000e+00,8.590000e+00,-3.816000e+01
2016-05-02 02:21:33.978,-8.300000e-01,-8.000000e-02,-1.800000e-01,4.060000e+00,-1.180000e+00,-5.800000e+00
2016-05-02 02:21:34.124,-9.100000e-01,-2.600000e-01,-3.200000e-01,2.980000e+00,-2.550000e+00,1.295000e+01
2016-05-02 02:21:34.222,-8.000000e-01,-1.600000e-01,-2.500000e-01,-1.760000e+00,8.700000e-01,1.448000e+01
2016-05-02 02:21:34.319,-9.500000e-01,-2.200000e-01,-2.800000e-01,-1.060000e+00,2.720000e+00,3.650000e+00
2016-05-02 02:21:34.464,-8.800000e-01,-2.900000e-01,-2.700000e-01,1.340000e+00,4.100000e+00,-6.300000e+00
2016-05-02 02:21:34.563,-9.000000e-01,-2.600000e-01,-1.800000e-01,-2.390000e+00,-6.120000e+00,2.700000e-01
2016-05-02 02:21:34.708,-8.600000e-01,-1.800000e-01,-1.800000e-01,6.080000e+00,8.400000e-01,-3.760000e+00
2016-05-02 02:21:34.807,-9.500000e-01,-2.500000e-01,-2.600000e-01,4.680000e+00,-4.440000e+00,-6.550000e+00
2016-05-02 02:21:34.952,-8.500000e-01,-2.600000e-01,-1.900000e-01,1.560000e+00,-2.910000e+00,-4.620000e+00
2016-05-02 02:21:35.051,-1.010000e+00,-2.400000e-01,-2.600000e-01,3.900000e+00,-4.600000e-01,-3.850000e+00
2016-05-02 02:21:35.195,-8.500000e-01,-2.000000e-01,-2.100000e-01,2.780000e+00,4.100000e-01,-2.610000e+00
2016-05-02 02:21:35.293,-8.000000e-01,-2.500000e-01,-1.200000e-01,4.240000e+00,-4.920000e+00,-5.100000e-01
2016-05-02 02:21:35.441,-9.400000e-01,-2.200000e-01,-2.500000e-01,1.920000e+00,-2.150000e+00,-2.420000e+00
2016-05-02 02:21:35.537,-8.800000e-01,-1.800000e-01,-2.200000e-01,6.720000e+00,-5.640000e+00,-5.090000e+00
2016-05-02 02:21:35.683,-8.000000e-01,-2.500000e-01,-1.600000e-01,-4.050000e+00,4.300000e-01,-5.990000e+00
2016-05-02 02:21:35.783,-9.500000e-01,-3.200000e-01,-2.000000e-01,2.170000e+00,-2.900000e+00,-2.930000e+00
2016-05-02 02:21:35.880,-9.100000e-01,-2.700000e-01,-2.200000e-01,2.300000e+00,3.700000e-01,5.000000e-02
2016-05-02 02:21:36.026,-9.700000e-01,-1.800000e-01,-1.200000e-01,1.960000e+00,7.800000e-01,-4.230000e+00
2016-05-02 02:21:36.123,-9.000000e-01,-1.800000e-01,-2.000000e-01,3.470000e+00,-7.000000e-01,-5.970000e+00
2016-05-02 02:21:36.270,-9.700000e-01,-2.700000e-01,-2.500000e-01,2.230000e+00,9.900000e-01,-6.900000e-01
2016-05-02 02:21:36.369,-8.200000e-01,-1.800000e-01,-2.100000e-01,7.000000e-01,2.040000e+00,-3.380000e+00
2016-05-02 02:21:36.516,-8.400000e-01,-2.700000e-01,-1.600000e-01,6.980000e+00,-4.130000e+00,5.200000e-01
2016-05-02 02:21:36.611,-9.600000e-01,-3.300000e-01,-1.800000e-01,4.770000e+00,-4.020000e+00,-4.940000e+00
2016-05-02 02:21:36.756,-8.800000e-01,-2.500000e-01,-1.700000e-01,3.120000e+00,-3.190000e+00,-2.120000e+00
2016-05-02 02:21:36.853,-8.500000e-01,-2.600000e-01,-2.800000e-01,2.270000e+00,-2.900000e-01,-5.980000e+00
2016-05-02 02:21:37.003,-8.500000e-01,-1.600000e-01,-1.500000e-01,8.200000e-01,-1.160000e+00,-6.250000e+00
2016-05-02 02:21:37.100,-8.500000e-01,-2.300000e-01,-2.200000e-01,2.670000e+00,-5.040000e+00,1.400000e+00
2016-05-02 02:21:37.243,-8.400000e-01,-2.600000e-01,-1.600000e-01,3.160000e+00,-2.570000e+00,3.580000e+00
2016-05-02 02:21:37.341,-8.100000e-01,-2.100000e-01,-1.700000e-01,1.090000e+00,-4.360000e+00,-2.910000e+00
2016-05-02 02:21:37.438,-8.600000e-01,-1.800000e-01,-1.400000e-01,3.260000e+00,-1.410000e+00,1.620000e+00
2016-05-02 02:21:37.588,-8.800000e-01,-2.600000e-01,-2.600000e-01,1.360000e+00,-6.120000e+00,-9.730000e+00
2016-05-02 02:21:37.686,-8.200000e-01,-2.700000e-01,-2.500000e-01,4.060000e+00,3.000000e-01,1.300000e-01
2016-05-02 02:21:37.830,-8.700000e-01,-2.800000e-01,-1.900000e-01,-1.160000e+00,-2.810000e+00,-2.310000e+00
2016-05-02 02:21:37.929,-8.900000e-01,-2.500000e-01,-1.100000e-01,2.130000e+00,2.230000e+00,-3.390000e+00
2016-05-02 02:21:38.074,-9.000000e-01,-2.100000e-01,-2.100000e-01,-4.800000e-01,-4.320000e+00,2.930000e+00
2016-05-02 02:21:38.170,-8.000000e-01,-2.600000e-01,-2.000000e-01,1.070000e+00,-2.110000e+00,6.540000e+00
2016-05-02 02:21:38.315,-8.900000e-01,-1.600000e-01,-2.100000e-01,-2.310000e+00,6.900000e-01,-1.820000e+00
2016-05-02 02:21:38.415,-8.700000e-01,-2.500000e-01,-1.600000e-01,-7.700000e-01,-6.210000e+00,-2.190000e+00
2016-05-02 02:21:38.561,-8.900000e-01,-1.900000e-01,-2.800000e-01,6.910000e+00,-3.090000e+00,-2.150000e+00
2016-05-02 02:21:38.658,-7.300000e-01,-1.800000e-01,-1.900000e-01,1.280000e+00,2.300000e+00,-1.690000e+00
2016-05-02 02:21:38.803,-9.400000e-01,-1.700000e-01,-2.000000e-01,2.040000e+00,-2.510000e+00,-8.560000e+00
2016-05-02 02:21:38.901,-8.700000e-01,-2.600000e-01,-1.200000e-01,1.050000e+00,4.800000e-01,-3.110000e+00
2016-05-02 02:21:39.001,-8.500000e-01,-1.800000e-01,-1.700000e-01,4.500000e+00,-2.880000e+00,-4.000000e-01
2016-05-02 02:21:39.148,-8.000000e-01,-2.100000e-01,-1.800000e-01,1.230000e+00,1.000000e-01,2.210000e+00
2016-05-02 02:21:39.245,-9.000000e-01,-2.600000e-01,-1.600000e-01,2.860000e+00,2.300000e-01,-4.820000e+00
2016-05-02 02:21:39.391,-9.200000e-01,-2.600000e-01,-1.900000e-01,-4.300000e-01,-6.410000e+00,-1.700000e+00
2016-05-02 02:21:39.490,-8.600000e-01,-2.500000e-01,-2.500000e-01,6.420000e+00,-1.310000e+00,6.710000e+00
2016-05-02 02:21:39.631,-7.800000e-01,-1.800000e-01,-2.000000e-01,6.160000e+00,2.970000e+00,-6.500000e-01
2016-05-02 02:21:39.729,-8.400000e-01,-2.000000e-01,-2.700000e-01,-6.600000e-01,2.240000e+00,-1.320000e+00
2016-05-02 02:21:39.879,-8.800000e-01,-1.900000e-01,-2.000000e-01,-3.890000e+00,1,-1.086000e+01
2016-05-02 02:21:39.974,-7.400000e-01,4.100000e-01,-1.000000e-01,-4.353000e+01,4.430000e+00,5.850000e+00
2016-05-02 02:21:40.121,-1.330000e+00,3.800000e-01,-3.000000e-01,-6.413000e+01,-1.234000e+01,1.095000e+02
2016-05-02 02:21:40.217,-1.850000e+00,9.800000e-01,-2.800000e-01,-4.189000e+01,-5.588000e+01,2.539900e+02
2016-05-02 02:21:40.368,-1.210000e+00,3.800000e-01,-4.300000e-01,3.806000e+01,-2.531000e+01,2.539900e+02
2016-05-02 02:21:40.462,-8.300000e-01,8.200000e-01,-1.700000e-01,-5.158000e+01,4.515000e+01,1.559900e+02
2016-05-02 02:21:40.560,-8.000000e-02,2.500000e-01,-1.300000e-01,-7.034000e+01,6.530000e+00,8.030000e+01
2016-05-02 02:21:40.707,1.400000e-01,1.100000e-01,2.200000e-01,-3.050000e+00,9.230000e+00,3.047000e+01
2016-05-02 02:21:40.804,1.400000e-01,4.100000e-01,2.100000e-01,4.669000e+01,-1.500000e+00,-5.012000e+01
2016-05-02 02:21:40.950,-3.600000e-01,5.600000e-01,-1.100000e-01,4.412000e+01,-4.700000e+00,-1.435500e+02
2016-05-02 02:21:41.064,-5.900000e-01,4.600000e-01,-3.400000e-01,8.001000e+01,2.709000e+01,-2.395500e+02
2016-05-02 02:21:41.192,-1.770000e+00,8.500000e-01,-2.000000e-01,5.948000e+01,3.412000e+01,-256
2016-05-02 02:21:41.289,-1.260000e+00,-1.200000e-01,-3.700000e-01,6.298000e+01,3.899000e+01,-1.274200e+02
2016-05-02 02:21:41.436,-1.110000e+00,-1.000000e-01,-1.700000e-01,2.705000e+01,-4.250000e+00,-6.670000e+01
2016-05-02 02:21:41.533,-1.080000e+00,-1.800000e-01,-3.100000e-01,3.820000e+01,1.815000e+01,-3.128000e+01
2016-05-02 02:21:41.684,-1.020000e+00,-2.800000e-01,-3.400000e-01,8.480000e+00,-3.380000e+00,4.970000e+00
2016-05-02 02:21:41.782,-7.900000e-01,-2.200000e-01,-2.600000e-01,5.420000e+00,-7.280000e+00,4.880000e+00
2016-05-02 02:21:41.922,-9.400000e-01,-2.400000e-01,-2.800000e-01,8.150000e+00,5.800000e-01,-7.620000e+00
